﻿<parameters>
  <parameter name="IIS Web Application Name" defaultValue="Default Web Site/Deploy03_deploy" tags="IisApp">
    <parameterEntry kind="ProviderPath" scope="IisApp" match="^C:\\InsideMSBuild\\Ch20\\Deploy03\\obj\\Debug\\Package\\PackageTmp$" />
    <parameterEntry kind="ProviderPath" scope="setAcl" match="^C:\\InsideMSBuild\\Ch20\\Deploy03\\obj\\Debug\\Package\\PackageTmp$" />
  </parameter>
  <parameter name="PageSize" description="Enter the value for page size" defaultValue="25" tags="applicationSettings">
    <parameterEntry kind="XmlFile" scope="Web.config" match="/configuration/appSettings/add[@key='pageSize']/@value" />
  </parameter>
  <parameter name="IncludesConfigPath" description="Enter the value for the pate to the include file" defaultValue="~/Config/includes.xml.config" tags="applicationSettings">
    <parameterEntry kind="XmlFile" scope="Web.config" match="/configuration/appSettings/add[@key='IncludesConfigPath']/@value" />
  </parameter>
  <parameter name="IncludesApplicationName" description="Enter the value for the includes application name" defaultValue="inlinetasks.com" tags="applicationSettings">
    <parameterEntry kind="XmlFile" scope="Web.config" match="/configuration/appSettings/add[@key='IncludesApplicationName']/@value" />
  </parameter>
</parameters>